"","orchestra_id","orchestra_name","orchestra_url","title","link","datetime","slug","place","time","date","dateOLD","Custom","Column1"
"1",11,"Vinohradský symfonický orchestr","visyo.cz"," kostel Nanebevzetí Panny Marie, Klecany (17.00)","http://visyo.cz/WP/?page_id=337","","","","","08.05.2022",NA,NA,"8. 5. 2022 – kostel Nanebevzetí Panny Marie, Klecany (17.00)"
"2",11,"Vinohradský symfonický orchestr","visyo.cz","  zámek Dobříš (19.00)","http://visyo.cz/WP/?page_id=337","","","","","15.05.2022",NA,NA,"15. 5. 2022 –  zámek Dobříš (19.00)"
"3",11,"Vinohradský symfonický orchestr","visyo.cz"," kostel sv. Šimona a Judy (20.00) – vstupenky zde","http://visyo.cz/WP/?page_id=337","","","","","08.06.2022",NA,NA,"8. 6. 2022 – kostel sv. Šimona a Judy (20.00) – vstupenky zde"
"4",1,"Prague Philharmonia","https://pkf.cz","Bruckner in the Mariendom","https://pkf.cz/bruckner-mariendom-linz","30. 9.   2022, 20:30","/bruckner-mariendom-linz","Mariendom Linz","20:30","30.09.2022",NA,NA,""
"5",1,"Prague Philharmonia","https://pkf.cz","Classical Klangwolke 22","https://pkf.cz/classical-klangwolke-22","1. 10.   2022, 19:30","/classical-klangwolke-22","Brucknerhaus","19:30","01.10.2022",NA,NA,""
"6",4,"Symfonický orchestr hlavního města Prahy FOK","https://www.fok.cz/","BACH PRO OSM RUKOU","https://www.fok.cz/cs/bach-pro-osm-rukou","4. 10. 2022 19:30","","Kostel sv. Šimona a Judy","19:30","04.10.2022",NA,NA,""
"7",9,"Musica Florea","https://www.musicaflorea.cz/","Bach pro osm rukou88. sezóna FOK","","4. 10. 202219:30","","PrahaKostel sv. Šimona a Judy","19:30","04.10.2022",NA,NA,""
"8",7,"Jihočeská filharmonie","https://www.jcfilharmonie.cz","Příležitosti v hudbě","https://www.jcfilharmonie.cz/cs/koncerty/cyklus-koncertu-pro-deti-a-rodice/prilezitosti-v-hudbe/","5.10.2022                      |                       18:00h","/cs/koncerty/cyklus-koncertu-pro-deti-a-rodice/prilezitosti-v-hudbe/","","18:00","05.10.2022",NA,NA,""
"9",4,"Symfonický orchestr hlavního města Prahy FOK","https://www.fok.cz/","ROMAN PATOČKA & ION MARIN","https://www.fok.cz/cs/roman-patocka-ion-marin","5. 10. 2022 19:30","","Obecní dům, Smetanova síň","19:30","05.10.2022",NA,NA,""
"10",7,"Jihočeská filharmonie","https://www.jcfilharmonie.cz","Příležitosti v hudbě","https://www.jcfilharmonie.cz/cs/koncerty/cyklus-koncertu-pro-deti-a-rodice/prilezitosti-v-hudbe/","5.10.2022                      |                       18:00h","/cs/koncerty/cyklus-koncertu-pro-deti-a-rodice/prilezitosti-v-hudbe/","","18:00","05.10.2022",NA,NA,""
"11",7,"Jihočeská filharmonie","https://www.jcfilharmonie.cz","LIA PALE a MATHIAS RÜEGG","https://www.jcfilharmonie.cz/cs/koncerty/abonentni-cyklus-s/lia-pale-a-mathias-ruegg/","6.10.2022                      |                       19:00h","/cs/koncerty/abonentni-cyklus-s/lia-pale-a-mathias-ruegg/","","19:00","06.10.2022",NA,NA,""
"12",7,"Jihočeská filharmonie","https://www.jcfilharmonie.cz","LIA PALE a MATHIAS RÜEGG","https://www.jcfilharmonie.cz/cs/koncerty/abonentni-cyklus-s/lia-pale-a-mathias-ruegg/","6.10.2022                      |                       19:00h","/cs/koncerty/abonentni-cyklus-s/lia-pale-a-mathias-ruegg/","","19:00","06.10.2022",NA,NA,""
"13",4,"Symfonický orchestr hlavního města Prahy FOK","https://www.fok.cz/","ROMAN PATOČKA & ION MARIN","https://www.fok.cz/cs/roman-patocka-ion-marin","6. 10. 2022 19:30","","Obecní dům, Smetanova síň","19:30","06.10.2022",NA,NA,""
"14",9,"Musica Florea","https://www.musicaflorea.cz/","Kantáty a árie českého barokaMusica ad confluentem 2022","","7. 10. 202219:30","","Dobrá Voda u Českých Budějovickostel Panny Marie Bolestné","19:30","07.10.2022",NA,NA,""
"15",1,"Prague Philharmonia","https://pkf.cz","Turné Tchaj-wan 2022","https://pkf.cz/taipei-2022","8. 10.   2022, 19:30","/taipei-2022","Národní koncertní sál","19:30","08.10.2022",NA,NA,""
"16",5,"Filharmonie Hradec Králové","https://www.fhk.cz","O1 – Klapka – Pohyblivé obrázky poprvé!","https://www.fhk.cz/calendar/1028/O1_Klapka_Pohyblive_obrazky_poprve/back/123/Koncerty_chronologicky/","Microsoft.OleDb.Date","/calendar/1028/O1_Klapka_Pohyblive_obrazky_poprve/back/123/Koncerty_chronologicky/","Sál Filharmonie Hradec Králové
 ","","08.10.2022",NA,NA,""
"17",4,"Symfonický orchestr hlavního města Prahy FOK","https://www.fok.cz/","ZAHAJOVACÍ KONCERT PKS","https://www.fok.cz/cs/zahajovaci-koncert-0","8. 10. 2022 19:30","","Kostel sv. Šimona a Judy","19:30","08.10.2022",NA,NA,""
"18",1,"Prague Philharmonia","https://pkf.cz","Turné Tchaj-wan 2022","https://pkf.cz/taichung-2022","9. 10.   2022, 19:30","/taichung-2022","Velké divadlo Národní opery","19:30","09.10.2022",NA,NA,""
"19",1,"Prague Philharmonia","https://pkf.cz","Turné Tchaj-wan 2022","https://pkf.cz/pingtung-2022","10. 10.   2022, 19:30","/pingtung-2022","Pingtung Performing Arts Center","19:30","10.10.2022",NA,NA,""
"20",1,"Prague Philharmonia","https://pkf.cz","Turné Tchaj-wan 2022","https://pkf.cz/kao-siung-2022","11. 10.   2022, 19:30","/kao-siung-2022","Národní centrum pro umění a kulturu Kao-siung","19:30","11.10.2022",NA,NA,""
"21",5,"Filharmonie Hradec Králové","https://www.fhk.cz","M1 – Petr Bende zpívá Petra Nováka","https://www.fhk.cz/calendar/1032/M1_Petr_Bende_zpiva_Petra_Novaka/back/123/Koncerty_chronologicky/","Microsoft.OleDb.Date","/calendar/1032/M1_Petr_Bende_zpiva_Petra_Novaka/back/123/Koncerty_chronologicky/","Sál Filharmonie Hradec Králové
 ","","11.10.2022",NA,NA,""
"22",5,"Filharmonie Hradec Králové","https://www.fhk.cz","Lucie v opeře tour – Praha","https://www.fhk.cz/calendar/1067/Lucie_v_opere_tour_Praha/back/123/Koncerty_chronologicky/","Microsoft.OleDb.Date","/calendar/1067/Lucie_v_opere_tour_Praha/back/123/Koncerty_chronologicky/","Praha, O2arena
","","12.10.2022",NA,NA,""
"23",4,"Symfonický orchestr hlavního města Prahy FOK","https://www.fok.cz/","POD ZNĚJÍCÍMI KLENBAMI","https://www.fok.cz/cs/pod-znejicimi-klenbami","12. 10. 2022 20:30","","Kostel sv. Šimona a Judy","20:30","12.10.2022",NA,NA,""
"24",4,"Symfonický orchestr hlavního města Prahy FOK","https://www.fok.cz/","PODIVUHODNÝ KOUZELNÍK","https://www.fok.cz/cs/podivuhodny-kouzelnik","13. 10. 2022 20:00","","Divadlo Viola","20:00","13.10.2022",NA,NA,""
"25",4,"Symfonický orchestr hlavního města Prahy FOK","https://www.fok.cz/","LISE DE LA SALLE – KLAVÍRNÍ RECITÁL","https://www.fok.cz/cs/lise-de-la-salle-klavirni-recital-0","15. 10. 2022 19:30","","Rudolfinum, Dvořákova síň","19:30","15.10.2022",NA,NA,""
"26",4,"Symfonický orchestr hlavního města Prahy FOK","https://www.fok.cz/","ORCHESTR NA DOTEK – HUDBA KOUZELNICE","https://www.fok.cz/cs/orchestr-na-dotek-hudba-kouzelnice","15. 10. 2022 11:00","","Obecní dům, Smetanova síň","11:00","15.10.2022",NA,NA,""
"27",1,"Prague Philharmonia","https://pkf.cz","E1 Ohnivé baroko","https://pkf.cz/29e1","16. 10.   2022, 12:00","/29e1","Dvořákova síň Rudolfina","12:00","16.10.2022",NA,NA,""
"28",1,"Prague Philharmonia","https://pkf.cz","D1 Ohnivé baroko","https://pkf.cz/29d1","16. 10.   2022, 10:00","/29d1","Dvořákova síň Rudolfina","10:00","16.10.2022",NA,NA,""
"29",5,"Filharmonie Hradec Králové","https://www.fhk.cz","Z1 – Elefantazie & Petr Pan a oceán naděje","https://www.fhk.cz/calendar/1036/Z1_Elefantazie_Petr_Pan_a_ocean_nadeje/back/123/Koncerty_chronologicky/","Microsoft.OleDb.Date","/calendar/1036/Z1_Elefantazie_Petr_Pan_a_ocean_nadeje/back/123/Koncerty_chronologicky/","Sál Filharmonie Hradec Králové
 ZELENÁ","","18.10.2022",NA,NA,""
"30",4,"Symfonický orchestr hlavního města Prahy FOK","https://www.fok.cz/","SETKÁNÍ ROMANTIKY S KLASIKOU","https://www.fok.cz/cs/setkani-romantiky-s-klasikou","18. 10. 2022 19:30","","Kostel sv. Šimona a Judy","19:30","18.10.2022",NA,NA,""
"31",4,"Symfonický orchestr hlavního města Prahy FOK","https://www.fok.cz/","JIŘÍ BÁRTA & TOMÁŠ BRAUNER","https://www.fok.cz/cs/jiri-barta-tomas-brauner","19. 10. 2022 10:00","","Obecní dům, Smetanova síň","10:00","19.10.2022",NA,NA,""
"32",4,"Symfonický orchestr hlavního města Prahy FOK","https://www.fok.cz/","JIŘÍ BÁRTA & TOMÁŠ BRAUNER","https://www.fok.cz/cs/jiri-barta-tomas-brauner","19. 10. 2022 19:30","","Obecní dům, Smetanova síň","19:30","19.10.2022",NA,NA,""
"33",1,"Prague Philharmonia","https://pkf.cz","S1 USA: John Cage – Elliott Carter","https://pkf.cz/29s1","19. 10.   2022, 19:30","/29s1","Experimentální prostor NoD","19:30","19.10.2022",NA,NA,""
"34",5,"Filharmonie Hradec Králové","https://www.fhk.cz","Lucie v opeře tour – Bratislava","https://www.fhk.cz/calendar/1068/Lucie_v_opere_tour_Bratislava/back/123/Koncerty_chronologicky/","Microsoft.OleDb.Date","/calendar/1068/Lucie_v_opere_tour_Bratislava/back/123/Koncerty_chronologicky/","Slovenská republika, Bratislava, Zimný štadión Ondreja Nepelu
","","20.10.2022",NA,NA,""
"35",4,"Symfonický orchestr hlavního města Prahy FOK","https://www.fok.cz/","JIŘÍ BÁRTA & TOMÁŠ BRAUNER","https://www.fok.cz/cs/jiri-barta-tomas-brauner","20. 10. 2022 19:30","","Obecní dům, Smetanova síň","19:30","20.10.2022",NA,NA,""
"36",5,"Filharmonie Hradec Králové","https://www.fhk.cz","S1 – S první dámou violy","https://www.fhk.cz/calendar/1024/S1_S_prvni_damou_violy/back/123/Koncerty_chronologicky/","Microsoft.OleDb.Date","/calendar/1024/S1_S_prvni_damou_violy/back/123/Koncerty_chronologicky/","Sál Filharmonie Hradec Králové
 STŘÍBRNÁ","","23.10.2022",NA,NA,""
"37",5,"Filharmonie Hradec Králové","https://www.fhk.cz","Lucie v opeře tour – Pardubice","https://www.fhk.cz/calendar/1069/Lucie_v_opere_tour_Pardubice/back/123/Koncerty_chronologicky/","Microsoft.OleDb.Date","/calendar/1069/Lucie_v_opere_tour_Pardubice/back/123/Koncerty_chronologicky/","Pardubice, enteria arena
","","26.10.2022",NA,NA,""
"38",1,"Prague Philharmonia","https://pkf.cz","Rolando Villazón","https://pkf.cz/rolando-villazon-rudolfinum","26. 10.   2022, 19:30","/rolando-villazon-rudolfinum","Dvořákova síň Rudolfina","19:30","26.10.2022",NA,NA,""
"39",4,"Symfonický orchestr hlavního města Prahy FOK","https://www.fok.cz/","KONCERT PRO REPUBLIKU","https://www.fok.cz/cs/koncert-pro-republiku-5","27. 10. 2022 10:00","","Obecní dům, Smetanova síň","10:00","27.10.2022",NA,NA,""
"40",5,"Filharmonie Hradec Králové","https://www.fhk.cz","Slavnostní koncert ke Dni vzniku samostatného československého státu","https://www.fhk.cz/calendar/1064/Slavnostni_koncert_ke_Dni_vzniku_samostatneho_ceskoslovenskeho_statu/back/123/Koncerty_chronologicky/","Microsoft.OleDb.Date","/calendar/1064/Slavnostni_koncert_ke_Dni_vzniku_samostatneho_ceskoslovenskeho_statu/back/123/Koncerty_chronologicky/","Sál Filharmonie Hradec Králové
","","27.10.2022",NA,NA,""
"41",4,"Symfonický orchestr hlavního města Prahy FOK","https://www.fok.cz/","KONCERT PRO REPUBLIKU","https://www.fok.cz/cs/koncert-pro-republiku-5","28. 10. 2022 18:00","","Obecní dům, Smetanova síň","18:00","28.10.2022",NA,NA,""
"42",1,"Prague Philharmonia","https://pkf.cz","A2 Mozart. Janáček. Brahms","https://pkf.cz/29a2","29. 10.   2022, 19:30","/29a2","Dvořákova síň Rudolfina","19:30","29.10.2022",NA,NA,""
"43",9,"Musica Florea","https://www.musicaflorea.cz/","Známý i neznámý A. Dvořák: Rapsodie I., 7. symfonieMusica Florea Bohemia 2022","","30. 10. 202219:00","","Jablonec n. NisouMěstské divadlo","19:00","30.10.2022",NA,NA,""
"44",9,"Musica Florea","https://www.musicaflorea.cz/","Známý i neznámý A. Dvořák: Rapsodie I., 7. symfonie20. festivalový cyklus Musica Florea","","31. 10. 202219:00","","Prahakostel sv. Šimona a Judy","19:00","31.10.2022",NA,NA,""
"45",1,"Prague Philharmonia","https://pkf.cz","K2 Roussel. Bozza. Koechlin","https://pkf.cz/29k2","31. 10.   2022, 19:30","/29k2","Barokní refektář Profesního domu MFF UK","19:30","31.10.2022",NA,NA,""
"46",4,"Symfonický orchestr hlavního města Prahy FOK","https://www.fok.cz/","BACH – MISTR KONCERTŮ","https://www.fok.cz/cs/bach-mistr-koncertu","1. 11. 2022 19:30","","Kostel sv. Šimona a Judy","19:30","01.11.2022",NA,NA,""
"47",1,"Prague Philharmonia","https://pkf.cz","Barber. Mendelssohn. Čajkovskij","https://pkf.cz/l4-andreas-ottensamer","2. 11.   2022, 19:00","/l4-andreas-ottensamer","Lobkowiczký palác","19:00","02.11.2022",NA,NA,""
"48",5,"Filharmonie Hradec Králové","https://www.fhk.cz","F1/B2 – Concordia","https://www.fhk.cz/calendar/1011/F1_B2_Concordia/back/123/Koncerty_chronologicky/","Microsoft.OleDb.Date","/calendar/1011/F1_B2_Concordia/back/123/Koncerty_chronologicky/","Sál Filharmonie Hradec Králové
Hudební fórum Hradec Králové,  ","","03.11.2022",NA,NA,""
"49",5,"Filharmonie Hradec Králové","https://www.fhk.cz","Lucie v opeře tour – Brno","https://www.fhk.cz/calendar/1070/Lucie_v_opere_tour_Brno/back/123/Koncerty_chronologicky/","Microsoft.OleDb.Date","/calendar/1070/Lucie_v_opere_tour_Brno/back/123/Koncerty_chronologicky/","Brno, Winning Group Arena
","","05.11.2022",NA,NA,""
"50",10,"Symfonický orchestr Českého rozhlasu","https://socr.rozhlas.cz","Janáček – Rubinstein – Čajkovskij","https://socr.rozhlas.cz/janacek-rubinstein-cajkovskij-8741263","Rudolfinum, 7. 11. 2022 v 19.30 hodin.","/janacek-rubinstein-cajkovskij-8741263","","19.30","07.11.2022",NA,NA,""
"51",1,"Prague Philharmonia","https://pkf.cz","K3 Mendelssohn-Bartholdy. Messiaen. Franck","https://pkf.cz/29k3","7. 11.   2022, 19:30","/29k3","Barokní refektář Profesního domu MFF UK","19:30","07.11.2022",NA,NA,""
"52",1,"Prague Philharmonia","https://pkf.cz","Diana Damrau & Petr Nekoranec","https://pkf.cz/diana-damrau-petr-nekoranec","8. 11.   2022, 19:30","/diana-damrau-petr-nekoranec","Smetanova síň Obecního domu","19:30","08.11.2022",NA,NA,""
"53",7,"Jihočeská filharmonie","https://www.jcfilharmonie.cz","Mimozemský koncert","https://www.jcfilharmonie.cz/cs/koncerty/cyklus-koncertu-pro-deti-a-rodice/mimozemsky-koncert/","9.11.2022                      |                       18:00h","/cs/koncerty/cyklus-koncertu-pro-deti-a-rodice/mimozemsky-koncert/","","18:00","09.11.2022",NA,NA,""
"54",7,"Jihočeská filharmonie","https://www.jcfilharmonie.cz","Mimozemský koncert","https://www.jcfilharmonie.cz/cs/koncerty/cyklus-koncertu-pro-deti-a-rodice/mimozemsky-koncert/","9.11.2022                      |                       18:00h","/cs/koncerty/cyklus-koncertu-pro-deti-a-rodice/mimozemsky-koncert/","","18:00","09.11.2022",NA,NA,""
"55",5,"Filharmonie Hradec Králové","https://www.fhk.cz","F2 – Inspirováno Beethovenem","https://www.fhk.cz/calendar/1022/F2_Inspirovano_Beethovenem/back/123/Koncerty_chronologicky/","Microsoft.OleDb.Date","/calendar/1022/F2_Inspirovano_Beethovenem/back/123/Koncerty_chronologicky/","Sál Filharmonie Hradec Králové
Hudební fórum Hradec Králové","","10.11.2022",NA,NA,""
"56",10,"Symfonický orchestr Českého rozhlasu","https://socr.rozhlas.cz","Dechberoucí!","https://socr.rozhlas.cz/dechberouci-8746132","Studio 1, 13. 11. 2022 v 19.30 hodin.","/dechberouci-8746132","","19.30","13.11.2022",NA,NA,""
"57",9,"Musica Florea","https://www.musicaflorea.cz/","Haydn a čeští vyslanci","","14. 11. 2022","","Šumperk","","14.11.2022",NA,NA,""
"58",5,"Filharmonie Hradec Králové","https://www.fhk.cz","F3 – Předkolumbovské rituály","https://www.fhk.cz/calendar/1023/F3_Predkolumbovske_ritualy/back/123/Koncerty_chronologicky/","Microsoft.OleDb.Date","/calendar/1023/F3_Predkolumbovske_ritualy/back/123/Koncerty_chronologicky/","Sál Filharmonie Hradec Králové
Hudební fórum Hradec Králové","","21.11.2022",NA,NA,""
"59",1,"Prague Philharmonia","https://pkf.cz","Náhradní termín: Marián Lejava — dirigent nebo skladatel? Portrét plný premiér","https://pkf.cz/434-marian-lejava-dirigent-nebo-skladatel-portret-plny-premier","22. 11.   2022, 19:30","/434-marian-lejava-dirigent-nebo-skladatel-portret-plny-premier","Experimentální prostor NoD","19:30","22.11.2022",NA,NA,""
"60",9,"Musica Florea","https://www.musicaflorea.cz/","Hammerklavier v hudbě 18. stoletíMusica Florea Bohemia 2022","","23. 11. 202219:00","","Kutná HoraRefektář GASK","19:00","23.11.2022",NA,NA,""
"61",9,"Musica Florea","https://www.musicaflorea.cz/","Hammerklavier v hudbě 18. století20. festivalový cyklus Musica Florea","","24. 11. 202219:30","","PrahaPálffyho palác","19:30","24.11.2022",NA,NA,""
"62",5,"Filharmonie Hradec Králové","https://www.fhk.cz","F4/Ž2 – Rekviem za mého přítele","https://www.fhk.cz/calendar/1019/F4_Z2_Rekviem_za_meho_pritele/back/123/Koncerty_chronologicky/","Microsoft.OleDb.Date","/calendar/1019/F4_Z2_Rekviem_za_meho_pritele/back/123/Koncerty_chronologicky/","Sál Filharmonie Hradec Králové
 , Hudební fórum Hradec Králové","","24.11.2022",NA,NA,""
"63",10,"Symfonický orchestr Českého rozhlasu","https://socr.rozhlas.cz","Oscarová hudba E. W. Korngolda","https://socr.rozhlas.cz/oscarova-hudba-e-w-korngolda-8741275","Rudolfinum, 28. 11. 2022 v 19.30 hodin.","/oscarova-hudba-e-w-korngolda-8741275","","19.30","28.11.2022",NA,NA,""
"64",5,"Filharmonie Hradec Králové","https://www.fhk.cz","B3 – Ondráš","https://www.fhk.cz/calendar/1012/B3_Ondras/back/123/Koncerty_chronologicky/","Microsoft.OleDb.Date","/calendar/1012/B3_Ondras/back/123/Koncerty_chronologicky/","Sál Filharmonie Hradec Králové
 ","","01.12.2022",NA,NA,""
"65",7,"Jihočeská filharmonie","https://www.jcfilharmonie.cz","JURAJ BARTOŠ","https://www.jcfilharmonie.cz/cs/koncerty/cyklus-koncertu-b/juraj-bartos/","1.12.2022                      |                       19:00h","/cs/koncerty/cyklus-koncertu-b/juraj-bartos/","","19:00","01.12.2022",NA,NA,""
"66",7,"Jihočeská filharmonie","https://www.jcfilharmonie.cz","JURAJ BARTOŠ","https://www.jcfilharmonie.cz/cs/koncerty/cyklus-koncertu-b/juraj-bartos/","1.12.2022                      |                       19:00h","/cs/koncerty/cyklus-koncertu-b/juraj-bartos/","","19:00","01.12.2022",NA,NA,""
"67",1,"Prague Philharmonia","https://pkf.cz","A3 Haas. Martinů. Dvořák","https://pkf.cz/29a3","3. 12.   2022, 19:30","/29a3","Dvořákova síň Rudolfina","19:30","03.12.2022",NA,NA,""
"68",1,"Prague Philharmonia","https://pkf.cz","K4 Paganini. Bottesini","https://pkf.cz/29k4","5. 12.   2022, 19:30","/29k4","Barokní refektář Profesního domu MFF UK","19:30","05.12.2022",NA,NA,""
"69",1,"Prague Philharmonia","https://pkf.cz","S2 Musica viva Pragensis: jubilanti Marek Kopelent a Petr Kotík","https://pkf.cz/29s2","6. 12.   2022, 19:30","/29s2","Experimentální prostor NoD","19:30","06.12.2022",NA,NA,""
"70",5,"Filharmonie Hradec Králové","https://www.fhk.cz","Hradišťan & Jiří Pavlica","https://www.fhk.cz/calendar/1043/Hradistan_Jiri_Pavlica/back/123/Koncerty_chronologicky/","Microsoft.OleDb.Date","/calendar/1043/Hradistan_Jiri_Pavlica/back/123/Koncerty_chronologicky/","Sál Filharmonie Hradec Králové
","","07.12.2022",NA,NA,""
"71",5,"Filharmonie Hradec Králové","https://www.fhk.cz","S2 – V očekávání narození Páně","https://www.fhk.cz/calendar/1025/S2_V_ocekavani_narozeni_Pane/back/123/Koncerty_chronologicky/","Microsoft.OleDb.Date","/calendar/1025/S2_V_ocekavani_narozeni_Pane/back/123/Koncerty_chronologicky/","Sál Filharmonie Hradec Králové
 STŘÍBRNÁ","","11.12.2022",NA,NA,""
"72",1,"Prague Philharmonia","https://pkf.cz","Florian Krumpöck & PKF — Prague Philharmonia","https://pkf.cz/musikverein-wien-2022","12. 12.   2022, 19:30","/musikverein-wien-2022","Musikverein Wien","19:30","12.12.2022",NA,NA,""
"73",9,"Musica Florea","https://www.musicaflorea.cz/","Vánoční koncertČeskolipský komorní cyklus","","13. 12. 202219:00","","Česká Lípakostel Narození Panny Marie","19:00","13.12.2022",NA,NA,""
"74",5,"Filharmonie Hradec Králové","https://www.fhk.cz","M2 – Předvánoční grotesky","https://www.fhk.cz/calendar/1033/M2_Predvanocni_grotesky/back/123/Koncerty_chronologicky/","Microsoft.OleDb.Date","/calendar/1033/M2_Predvanocni_grotesky/back/123/Koncerty_chronologicky/","Sál Filharmonie Hradec Králové
 ","","14.12.2022",NA,NA,""
"75",10,"Symfonický orchestr Českého rozhlasu","https://socr.rozhlas.cz","Ceremony of Carols","https://socr.rozhlas.cz/ceremony-carols-8744035","Anežský klášter, 15. 12. 2022 v 19.30 hodin.","/ceremony-carols-8744035","","19.30","15.12.2022",NA,NA,""
"76",5,"Filharmonie Hradec Králové","https://www.fhk.cz","Příběh vánoční","https://www.fhk.cz/calendar/1044/Pribeh_vanocni/back/123/Koncerty_chronologicky/","Microsoft.OleDb.Date","/calendar/1044/Pribeh_vanocni/back/123/Koncerty_chronologicky/","Sál Filharmonie Hradec Králové
","","19.12.2022",NA,NA,""
"77",10,"Symfonický orchestr Českého rozhlasu","https://socr.rozhlas.cz","Dítě nebeské, buď vítáno","https://socr.rozhlas.cz/dite-nebeske-bud-vitano-8746144","Studio 1, 19. 12. 2022 v 19.30 hodin.","/dite-nebeske-bud-vitano-8746144","","19.30","19.12.2022",NA,NA,""
"78",5,"Filharmonie Hradec Králové","https://www.fhk.cz","Podél Dunaje – Malý Silvestr","https://www.fhk.cz/calendar/1045/Podel_Dunaje_Maly_Silvestr/back/123/Koncerty_chronologicky/","Microsoft.OleDb.Date","/calendar/1045/Podel_Dunaje_Maly_Silvestr/back/123/Koncerty_chronologicky/","Sál Filharmonie Hradec Králové
","","30.12.2022",NA,NA,""
"79",5,"Filharmonie Hradec Králové","https://www.fhk.cz","Podél Dunaje – Silvestrovský koncert","https://www.fhk.cz/calendar/1046/Podel_Dunaje_Silvestrovsky_koncert/back/123/Koncerty_chronologicky/","Microsoft.OleDb.Date","/calendar/1046/Podel_Dunaje_Silvestrovsky_koncert/back/123/Koncerty_chronologicky/","Sál Filharmonie Hradec Králové
","","31.12.2022",NA,NA,""
"80",7,"Jihočeská filharmonie","https://www.jcfilharmonie.cz","NOVOROČNÍ KONCERT","https://www.jcfilharmonie.cz/cs/koncerty/mimoradne-koncerty-a-akce/novorocni-koncert-4/","4.1.2023                      |                       19:00h","/cs/koncerty/mimoradne-koncerty-a-akce/novorocni-koncert-4/","","19:00","04.01.2023",NA,NA,""
"81",7,"Jihočeská filharmonie","https://www.jcfilharmonie.cz","NOVOROČNÍ KONCERT","https://www.jcfilharmonie.cz/cs/koncerty/mimoradne-koncerty-a-akce/novorocni-koncert-4/","4.1.2023                      |                       19:00h","/cs/koncerty/mimoradne-koncerty-a-akce/novorocni-koncert-4/","","19:00","04.01.2023",NA,NA,""
"82",5,"Filharmonie Hradec Králové","https://www.fhk.cz","O2 – Od jedné do tří a půl tisíc","https://www.fhk.cz/calendar/1029/O2_Od_jedne_do_tri_a_pul_tisic/back/123/Koncerty_chronologicky/","Microsoft.OleDb.Date","/calendar/1029/O2_Od_jedne_do_tri_a_pul_tisic/back/123/Koncerty_chronologicky/","Sál Filharmonie Hradec Králové
 ","","07.01.2023",NA,NA,""
"83",1,"Prague Philharmonia","https://pkf.cz","Koncert v Antverpách","https://pkf.cz/bruce-liu-antwerpen","9. 1.   2023, 20:00","/bruce-liu-antwerpen","Koningin Elisabethzaal, Antwerpen","20:00","09.01.2023",NA,NA,""
"84",10,"Symfonický orchestr Českého rozhlasu","https://socr.rozhlas.cz","Novoroční žestě","https://socr.rozhlas.cz/novorocni-zeste-8746153","Studio 1, 9. 1. 2023 v 19.30 hodin.","/novorocni-zeste-8746153","","19.30","09.01.2023",NA,NA,""
"85",1,"Prague Philharmonia","https://pkf.cz","K5 Kliment. Debussy. Franck","https://pkf.cz/29k5","9. 1.   2023, 19:30","/29k5","Barokní refektář Profesního domu MFF UK","19:30","09.01.2023",NA,NA,""
"86",7,"Jihočeská filharmonie","https://www.jcfilharmonie.cz","ZUZANA RZOUNKOVÁ a Jihočeská filharmonie","https://www.jcfilharmonie.cz/cs/koncerty/cyklus-koncertu-a/zuzana-rzounkova-11/","11.1.2023                      |                       19:00h","/cs/koncerty/cyklus-koncertu-a/zuzana-rzounkova-11/","","19:00","11.01.2023",NA,NA,""
"87",7,"Jihočeská filharmonie","https://www.jcfilharmonie.cz","Otevřená GZ Zuzana Rzounková","https://www.jcfilharmonie.cz/cs/koncerty/cyklus-koncertu-a/otevrena-gz-zuzana-rzounkova/","11.1.2023                      |                       10:00h","/cs/koncerty/cyklus-koncertu-a/otevrena-gz-zuzana-rzounkova/","","10:00","11.01.2023",NA,NA,""
"88",7,"Jihočeská filharmonie","https://www.jcfilharmonie.cz","ZUZANA RZOUNKOVÁ a Jihočeská filharmonie","https://www.jcfilharmonie.cz/cs/koncerty/cyklus-koncertu-a/zuzana-rzounkova-11/","11.1.2023                      |                       19:00h","/cs/koncerty/cyklus-koncertu-a/zuzana-rzounkova-11/","","19:00","11.01.2023",NA,NA,""
"89",7,"Jihočeská filharmonie","https://www.jcfilharmonie.cz","Otevřená GZ Zuzana Rzounková","https://www.jcfilharmonie.cz/cs/koncerty/cyklus-koncertu-a/otevrena-gz-zuzana-rzounkova/","11.1.2023                      |                       10:00h","/cs/koncerty/cyklus-koncertu-a/otevrena-gz-zuzana-rzounkova/","","10:00","11.01.2023",NA,NA,""
"90",7,"Jihočeská filharmonie","https://www.jcfilharmonie.cz","ZUZANA RZOUNKOVÁ a Jihočeská filharmonie","https://www.jcfilharmonie.cz/cs/koncerty/cyklus-koncertu-a/zuzana-rzounkova-12/","12.1.2023                      |                       19:00h","/cs/koncerty/cyklus-koncertu-a/zuzana-rzounkova-12/","","19:00","12.01.2023",NA,NA,""
"91",7,"Jihočeská filharmonie","https://www.jcfilharmonie.cz","ZUZANA RZOUNKOVÁ a Jihočeská filharmonie","https://www.jcfilharmonie.cz/cs/koncerty/cyklus-koncertu-a/zuzana-rzounkova-12/","12.1.2023                      |                       19:00h","/cs/koncerty/cyklus-koncertu-a/zuzana-rzounkova-12/","","19:00","12.01.2023",NA,NA,""
"92",1,"Prague Philharmonia","https://pkf.cz","A4 Kalabis. Musorgskij. Schumann","https://pkf.cz/29a4","15. 1.   2023, 19:30","/29a4","Dvořákova síň Rudolfina","19:30","15.01.2023",NA,NA,""
"93",5,"Filharmonie Hradec Králové","https://www.fhk.cz","Ž3 – Třetí Rachmaninov","https://www.fhk.cz/calendar/1020/Z3_Treti_Rachmaninov/back/123/Koncerty_chronologicky/","Microsoft.OleDb.Date","/calendar/1020/Z3_Treti_Rachmaninov/back/123/Koncerty_chronologicky/","Sál Filharmonie Hradec Králové
 ","","19.01.2023",NA,NA,""
"94",5,"Filharmonie Hradec Králové","https://www.fhk.cz","Z2 – Otello","https://www.fhk.cz/calendar/1037/Z2_Otello/back/123/Koncerty_chronologicky/","Microsoft.OleDb.Date","/calendar/1037/Z2_Otello/back/123/Koncerty_chronologicky/","Sál Filharmonie Hradec Králové
 ZELENÁ","","22.01.2023",NA,NA,""
"95",7,"Jihočeská filharmonie","https://www.jcfilharmonie.cz","VOJTĚCH SPURNÝ a Jihočeská filharmonie","https://www.jcfilharmonie.cz/cs/koncerty/cyklus-koncertu-a/vojtech-spurny-25/","25.1.2023                      |                       19:00h","/cs/koncerty/cyklus-koncertu-a/vojtech-spurny-25/","","19:00","25.01.2023",NA,NA,""
"96",5,"Filharmonie Hradec Králové","https://www.fhk.cz","Mše sv. Aloise (FHK v Náchodě)","https://www.fhk.cz/calendar/1049/Mse_sv_Aloise_FHK_v_Nachode/back/123/Koncerty_chronologicky/","Microsoft.OleDb.Date","/calendar/1049/Mse_sv_Aloise_FHK_v_Nachode/back/123/Koncerty_chronologicky/","Náchod, Městské divadlo Dr. Josefa Čížka
","","25.01.2023",NA,NA,""
"97",7,"Jihočeská filharmonie","https://www.jcfilharmonie.cz","VOJTĚCH SPURNÝ a Jihočeská filharmonie","https://www.jcfilharmonie.cz/cs/koncerty/cyklus-koncertu-a/vojtech-spurny-25/","25.1.2023                      |                       19:00h","/cs/koncerty/cyklus-koncertu-a/vojtech-spurny-25/","","19:00","25.01.2023",NA,NA,""
"98",7,"Jihočeská filharmonie","https://www.jcfilharmonie.cz","Otevřená GZ Vojtěch Spurný","https://www.jcfilharmonie.cz/cs/koncerty/cyklus-koncertu-a/otevrena-gz-vojtech-spurny/","25.1.2023                      |                       10:00h","/cs/koncerty/cyklus-koncertu-a/otevrena-gz-vojtech-spurny/","","10:00","25.01.2023",NA,NA,""
"99",7,"Jihočeská filharmonie","https://www.jcfilharmonie.cz","Otevřená GZ Vojtěch Spurný","https://www.jcfilharmonie.cz/cs/koncerty/cyklus-koncertu-a/otevrena-gz-vojtech-spurny/","25.1.2023                      |                       10:00h","/cs/koncerty/cyklus-koncertu-a/otevrena-gz-vojtech-spurny/","","10:00","25.01.2023",NA,NA,""
"100",7,"Jihočeská filharmonie","https://www.jcfilharmonie.cz","VOJTĚCH SPURNÝ a Jihočeská filharmonie","https://www.jcfilharmonie.cz/cs/koncerty/cyklus-koncertu-a/vojtech-spurny-26/","26.1.2023                      |                       19:00h","/cs/koncerty/cyklus-koncertu-a/vojtech-spurny-26/","","19:00","26.01.2023",NA,NA,""
"101",5,"Filharmonie Hradec Králové","https://www.fhk.cz","B4 – Mše sv. Aloise","https://www.fhk.cz/calendar/1013/B4_Mse_sv_Aloise/back/123/Koncerty_chronologicky/","Microsoft.OleDb.Date","/calendar/1013/B4_Mse_sv_Aloise/back/123/Koncerty_chronologicky/","Sál Filharmonie Hradec Králové
 ","","26.01.2023",NA,NA,""
"102",7,"Jihočeská filharmonie","https://www.jcfilharmonie.cz","VOJTĚCH SPURNÝ a Jihočeská filharmonie","https://www.jcfilharmonie.cz/cs/koncerty/cyklus-koncertu-a/vojtech-spurny-26/","26.1.2023                      |                       19:00h","/cs/koncerty/cyklus-koncertu-a/vojtech-spurny-26/","","19:00","26.01.2023",NA,NA,""
"103",1,"Prague Philharmonia","https://pkf.cz","E2 Čarující Mozart","https://pkf.cz/29e2","28. 1.   2023, 12:00","/29e2","Dvořákova síň Rudolfina","12:00","28.01.2023",NA,NA,""
"104",1,"Prague Philharmonia","https://pkf.cz","D2 Čarující Mozart","https://pkf.cz/29d2","28. 1.   2023, 10:00","/29d2","Dvořákova síň Rudolfina","10:00","28.01.2023",NA,NA,""
"105",1,"Prague Philharmonia","https://pkf.cz","Pene Pati","https://pkf.cz/pene-pati","31. 1.   2023, 19:30","/pene-pati","Dvořákova síň Rudolfina","19:30","31.01.2023",NA,NA,""
"106",5,"Filharmonie Hradec Králové","https://www.fhk.cz","M3 – Janek Ledecký Symphonic","https://www.fhk.cz/calendar/1034/M3_Janek_Ledecky_Symphonic/back/123/Koncerty_chronologicky/","Microsoft.OleDb.Date","/calendar/1034/M3_Janek_Ledecky_Symphonic/back/123/Koncerty_chronologicky/","Sál Filharmonie Hradec Králové
 ","","31.01.2023",NA,NA,""
"107",7,"Jihočeská filharmonie","https://www.jcfilharmonie.cz","Nespoutaná moderna","https://www.jcfilharmonie.cz/cs/koncerty/cyklus-koncertu-pro-deti-a-rodice/nespoutana-moderna/","1.2.2023                      |                       18:00h","/cs/koncerty/cyklus-koncertu-pro-deti-a-rodice/nespoutana-moderna/","","18:00","01.02.2023",NA,NA,""
"108",7,"Jihočeská filharmonie","https://www.jcfilharmonie.cz","Nespoutaná moderna","https://www.jcfilharmonie.cz/cs/koncerty/cyklus-koncertu-pro-deti-a-rodice/nespoutana-moderna/","1.2.2023                      |                       18:00h","/cs/koncerty/cyklus-koncertu-pro-deti-a-rodice/nespoutana-moderna/","","18:00","01.02.2023",NA,NA,""
"109",7,"Jihočeská filharmonie","https://www.jcfilharmonie.cz","VíHoDa","https://www.jcfilharmonie.cz/cs/koncerty/abonentni-cyklus-s/vihoda/","2.2.2023                      |                       19:00h","/cs/koncerty/abonentni-cyklus-s/vihoda/","","19:00","02.02.2023",NA,NA,""
"110",7,"Jihočeská filharmonie","https://www.jcfilharmonie.cz","VíHoDa","https://www.jcfilharmonie.cz/cs/koncerty/abonentni-cyklus-s/vihoda/","2.2.2023                      |                       19:00h","/cs/koncerty/abonentni-cyklus-s/vihoda/","","19:00","02.02.2023",NA,NA,""
"111",10,"Symfonický orchestr Českého rozhlasu","https://socr.rozhlas.cz","S Robertem Jindrou na přelomu století","https://socr.rozhlas.cz/s-robertem-jindrou-na-prelomu-stoleti-8743645","Rudolfinum, 6. 2. 2023 v 19.30 hodin.","/s-robertem-jindrou-na-prelomu-stoleti-8743645","","19.30","06.02.2023",NA,NA,""
"112",7,"Jihočeská filharmonie","https://www.jcfilharmonie.cz","Otevřená GZ Yury Revich","https://www.jcfilharmonie.cz/cs/koncerty/cyklus-koncertu-a/-otevrena-gz-yury-revich/","8.2.2023                      |                       10:00h","/cs/koncerty/cyklus-koncertu-a/-otevrena-gz-yury-revich/","","10:00","08.02.2023",NA,NA,""
"113",7,"Jihočeská filharmonie","https://www.jcfilharmonie.cz","YURY REVICH a Jihočeská filharmonie","https://www.jcfilharmonie.cz/cs/koncerty/cyklus-koncertu-a/yury-revich-8/","8.2.2023                      |                       19:00h","/cs/koncerty/cyklus-koncertu-a/yury-revich-8/","","19:00","08.02.2023",NA,NA,""
"114",7,"Jihočeská filharmonie","https://www.jcfilharmonie.cz","YURY REVICH a Jihočeská filharmonie","https://www.jcfilharmonie.cz/cs/koncerty/cyklus-koncertu-a/yury-revich-8/","8.2.2023                      |                       19:00h","/cs/koncerty/cyklus-koncertu-a/yury-revich-8/","","19:00","08.02.2023",NA,NA,""
"115",7,"Jihočeská filharmonie","https://www.jcfilharmonie.cz","Otevřená GZ Yury Revich","https://www.jcfilharmonie.cz/cs/koncerty/cyklus-koncertu-a/-otevrena-gz-yury-revich/","8.2.2023                      |                       10:00h","/cs/koncerty/cyklus-koncertu-a/-otevrena-gz-yury-revich/","","10:00","08.02.2023",NA,NA,""
"116",7,"Jihočeská filharmonie","https://www.jcfilharmonie.cz","YURY REVICH a Jihočeská filharmonie","https://www.jcfilharmonie.cz/cs/koncerty/cyklus-koncertu-a/yury-revich-9/","9.2.2023                      |                       19:00h","/cs/koncerty/cyklus-koncertu-a/yury-revich-9/","","19:00","09.02.2023",NA,NA,""
"117",7,"Jihočeská filharmonie","https://www.jcfilharmonie.cz","YURY REVICH a Jihočeská filharmonie","https://www.jcfilharmonie.cz/cs/koncerty/cyklus-koncertu-a/yury-revich-9/","9.2.2023                      |                       19:00h","/cs/koncerty/cyklus-koncertu-a/yury-revich-9/","","19:00","09.02.2023",NA,NA,""
"118",10,"Symfonický orchestr Českého rozhlasu","https://socr.rozhlas.cz","Kopatchinskaja hraje Ligetiho","https://socr.rozhlas.cz/kopatchinskaja-hraje-ligetiho-8743666","Rudolfinum, 13. 2. 2023 v 19.30 hodin.","/kopatchinskaja-hraje-ligetiho-8743666","","19.30","13.02.2023",NA,NA,""
"119",7,"Jihočeská filharmonie","https://www.jcfilharmonie.cz","MARACA SYMPHONIC V KONTEXTU","https://www.jcfilharmonie.cz/cs/koncerty/cyklus-koncertu-b/maraca-symphonic-v-kontextu/","16.2.2023                      |                       19:00h","/cs/koncerty/cyklus-koncertu-b/maraca-symphonic-v-kontextu/","","19:00","16.02.2023",NA,NA,""
"120",10,"Symfonický orchestr Českého rozhlasu","https://socr.rozhlas.cz","Wagnerovy písně s Markétou Cukrovou","https://socr.rozhlas.cz/wagnerovy-pisne-s-marketou-cukrovou-8746081","Anežský klášter, 16. 2. 2023 v 19.30 hodin.","/wagnerovy-pisne-s-marketou-cukrovou-8746081","","19.30","16.02.2023",NA,NA,""
"121",7,"Jihočeská filharmonie","https://www.jcfilharmonie.cz","MARACA SYMPHONIC V KONTEXTU","https://www.jcfilharmonie.cz/cs/koncerty/cyklus-koncertu-b/maraca-symphonic-v-kontextu/","16.2.2023                      |                       19:00h","/cs/koncerty/cyklus-koncertu-b/maraca-symphonic-v-kontextu/","","19:00","16.02.2023",NA,NA,""
"122",1,"Prague Philharmonia","https://pkf.cz","K6 Franck. Martinů. Mozart","https://pkf.cz/29k6","20. 2.   2023, 19:30","/29k6","Barokní refektář Profesního domu MFF UK","19:30","20.02.2023",NA,NA,""
"123",10,"Symfonický orchestr Českého rozhlasu","https://socr.rozhlas.cz","Jubilanti čeští v podání žen šesti","https://socr.rozhlas.cz/jubilanti-cesti-v-podani-zen-sesti-8746174","Studio 1, 20. 2. 2023 v 19.30 hodin.","/jubilanti-cesti-v-podani-zen-sesti-8746174","","19.30","20.02.2023",NA,NA,""
"124",5,"Filharmonie Hradec Králové","https://www.fhk.cz","B5 – Sinfonia pacis","https://www.fhk.cz/calendar/1014/B5_Sinfonia_pacis/back/123/Koncerty_chronologicky/","Microsoft.OleDb.Date","/calendar/1014/B5_Sinfonia_pacis/back/123/Koncerty_chronologicky/","Sál Filharmonie Hradec Králové
 ","","23.02.2023",NA,NA,""
"125",1,"Prague Philharmonia","https://pkf.cz","A5 Webern. Brahms. Beethoven","https://pkf.cz/29a5","26. 2.   2023, 19:30","/29a5","Dvořákova síň Rudolfina","19:30","26.02.2023",NA,NA,""
"126",5,"Filharmonie Hradec Králové","https://www.fhk.cz","S3 – Fantázia","https://www.fhk.cz/calendar/1026/S3_Fantazia/back/123/Koncerty_chronologicky/","Microsoft.OleDb.Date","/calendar/1026/S3_Fantazia/back/123/Koncerty_chronologicky/","Sál Filharmonie Hradec Králové
 STŘÍBRNÁ","","26.02.2023",NA,NA,""
"127",1,"Prague Philharmonia","https://pkf.cz","S3 Německo včera a dnes: Karlheinz Stockhausen – Hans Werner Henze – Jörg Widmann","https://pkf.cz/29s3","28. 2.   2023, 19:30","/29s3","Experimentální prostor NoD","19:30","28.02.2023",NA,NA,""
"128",1,"Prague Philharmonia","https://pkf.cz","K7 Vivaldi. Pauer. Elgar","https://pkf.cz/29k7","6. 3.   2023, 19:30","/29k7","Barokní refektář Profesního domu MFF UK","19:30","06.03.2023",NA,NA,""
"129",5,"Filharmonie Hradec Králové","https://www.fhk.cz","Ž4 – Fantastická symfonie","https://www.fhk.cz/calendar/1021/Z4_Fantasticka_symfonie/back/123/Koncerty_chronologicky/","Microsoft.OleDb.Date","/calendar/1021/Z4_Fantasticka_symfonie/back/123/Koncerty_chronologicky/","Sál Filharmonie Hradec Králové
 ","","09.03.2023",NA,NA,""
"130",7,"Jihočeská filharmonie","https://www.jcfilharmonie.cz","Pirátský koncert na rozhoupaném korábu","https://www.jcfilharmonie.cz/cs/koncerty/cyklus-koncertu-pro-deti-a-rodice/piratsky-koncert-na-rozhoupanem-korabu/","15.3.2023                      |                       18:00h","/cs/koncerty/cyklus-koncertu-pro-deti-a-rodice/piratsky-koncert-na-rozhoupanem-korabu/","","18:00","15.03.2023",NA,NA,""
"131",7,"Jihočeská filharmonie","https://www.jcfilharmonie.cz","Pirátský koncert na rozhoupaném korábu","https://www.jcfilharmonie.cz/cs/koncerty/cyklus-koncertu-pro-deti-a-rodice/piratsky-koncert-na-rozhoupanem-korabu/","15.3.2023                      |                       18:00h","/cs/koncerty/cyklus-koncertu-pro-deti-a-rodice/piratsky-koncert-na-rozhoupanem-korabu/","","18:00","15.03.2023",NA,NA,""
"132",5,"Filharmonie Hradec Králové","https://www.fhk.cz","O3 – Filharmonie plná mládí","https://www.fhk.cz/calendar/1030/O3_Filharmonie_plna_mladi/back/123/Koncerty_chronologicky/","Microsoft.OleDb.Date","/calendar/1030/O3_Filharmonie_plna_mladi/back/123/Koncerty_chronologicky/","Sál Filharmonie Hradec Králové
 ","","18.03.2023",NA,NA,""
"133",1,"Prague Philharmonia","https://pkf.cz","A6 Rachmaninov. Šostakovič","https://pkf.cz/29a6","19. 3.   2023, 19:30","/29a6","Dvořákova síň Rudolfina","19:30","19.03.2023",NA,NA,""
"134",10,"Symfonický orchestr Českého rozhlasu","https://socr.rozhlas.cz","Rachmaninovova Druhá","https://socr.rozhlas.cz/rachmaninovova-druha-8743978","Rudolfinum, 20. 3. 2023 v 19.30 hodin. Veřejná generální zkouška v 9.30 hodin.","/rachmaninovova-druha-8743978","","19.30","20.03.2023",NA,NA,""
"135",1,"Prague Philharmonia","https://pkf.cz","Koncert v Erlangenu","https://pkf.cz/simon-trpceski-erlangen","20. 3.   2023, 20:00","/simon-trpceski-erlangen","Heinrich-Lades-Halle, Erlangen","20:00","20.03.2023",NA,NA,""
"136",1,"Prague Philharmonia","https://pkf.cz","Koncert v Bielefeldu","https://pkf.cz/simon-trpceski-bielefeld","21. 3.   2023, 20:00","/simon-trpceski-bielefeld","Rudolf-Oetker-Halle, Bielefeld","20:00","21.03.2023",NA,NA,""
"137",1,"Prague Philharmonia","https://pkf.cz","Koncert v Kolíně nad Rýnem","https://pkf.cz/simon-trpceski-koln","22. 3.   2023, 20:00","/simon-trpceski-koln","Kölner Philharmonie, Köln","20:00","22.03.2023",NA,NA,""
"138",7,"Jihočeská filharmonie","https://www.jcfilharmonie.cz","GRIEG A BRAHMS","https://www.jcfilharmonie.cz/cs/koncerty/cyklus-koncertu-a/grieg-a-brahms/","23.3.2023                      |                       19:00h","/cs/koncerty/cyklus-koncertu-a/grieg-a-brahms/","","19:00","23.03.2023",NA,NA,""
"139",5,"Filharmonie Hradec Králové","https://www.fhk.cz","Z3 – Viva „LaLaLa“ Republika","https://www.fhk.cz/calendar/1038/Z3_Viva_LaLaLa_Republika/back/123/Koncerty_chronologicky/","Microsoft.OleDb.Date","/calendar/1038/Z3_Viva_LaLaLa_Republika/back/123/Koncerty_chronologicky/","Sál Filharmonie Hradec Králové
 ZELENÁ","","23.03.2023",NA,NA,""
"140",7,"Jihočeská filharmonie","https://www.jcfilharmonie.cz","GRIEG A BRAHMS","https://www.jcfilharmonie.cz/cs/koncerty/cyklus-koncertu-a/grieg-a-brahms/","23.3.2023                      |                       19:00h","/cs/koncerty/cyklus-koncertu-a/grieg-a-brahms/","","19:00","23.03.2023",NA,NA,""
"141",5,"Filharmonie Hradec Králové","https://www.fhk.cz","B6 – Čajkovského Pátá","https://www.fhk.cz/calendar/1015/B6_Cajkovskeho_Pata/back/123/Koncerty_chronologicky/","Microsoft.OleDb.Date","/calendar/1015/B6_Cajkovskeho_Pata/back/123/Koncerty_chronologicky/","Sál Filharmonie Hradec Králové
 ","","29.03.2023",NA,NA,""
"142",7,"Jihočeská filharmonie","https://www.jcfilharmonie.cz","JDEME NA ŠANSONY","https://www.jcfilharmonie.cz/cs/koncerty/cyklus-koncertu-b/jdeme-na-sansony/","30.3.2023                      |                       19:00h","/cs/koncerty/cyklus-koncertu-b/jdeme-na-sansony/","","19:00","30.03.2023",NA,NA,""
"143",7,"Jihočeská filharmonie","https://www.jcfilharmonie.cz","JDEME NA ŠANSONY","https://www.jcfilharmonie.cz/cs/koncerty/cyklus-koncertu-b/jdeme-na-sansony/","30.3.2023                      |                       19:00h","/cs/koncerty/cyklus-koncertu-b/jdeme-na-sansony/","","19:00","30.03.2023",NA,NA,""
"144",1,"Prague Philharmonia","https://pkf.cz","D3 Putování krajinou snů","https://pkf.cz/29d3","2. 4.   2023, 10:00","/29d3","Dvořákova síň Rudolfina","10:00","02.04.2023",NA,NA,""
"145",1,"Prague Philharmonia","https://pkf.cz","E3 Putování krajinou snů","https://pkf.cz/29e3","2. 4.   2023, 12:00","/29e3","Dvořákova síň Rudolfina","12:00","02.04.2023",NA,NA,""
"146",5,"Filharmonie Hradec Králové","https://www.fhk.cz","Stabat Mater","https://www.fhk.cz/calendar/1047/Stabat_Mater/back/123/Koncerty_chronologicky/","Microsoft.OleDb.Date","/calendar/1047/Stabat_Mater/back/123/Koncerty_chronologicky/","Sál Filharmonie Hradec Králové
","","03.04.2023",NA,NA,""
"147",10,"Symfonický orchestr Českého rozhlasu","https://socr.rozhlas.cz","Tristan a Isolda","https://socr.rozhlas.cz/tristan-a-isolda-8744002","Rudolfinum, 3. 4. 2023 v 19.30 hodin.","/tristan-a-isolda-8744002","","19.30","03.04.2023",NA,NA,""
"148",1,"Prague Philharmonia","https://pkf.cz","S4 Lotyšsko, Estonsko, Finsko: Peteris Vasks – Arvo Pärt – Kaija Saariaho","https://pkf.cz/29s4","4. 4.   2023, 19:30","/29s4","Experimentální prostor NoD","19:30","04.04.2023",NA,NA,""
"149",7,"Jihočeská filharmonie","https://www.jcfilharmonie.cz","OTVÍRÁNÍ STUDÁNEK","https://www.jcfilharmonie.cz/cs/koncerty/cyklus-koncertu-a/otvirani-studanek/","5.4.2023                      |                       19:00h","/cs/koncerty/cyklus-koncertu-a/otvirani-studanek/","","19:00","05.04.2023",NA,NA,""
"150",7,"Jihočeská filharmonie","https://www.jcfilharmonie.cz","Veřejná GZ Otvírání studánek","https://www.jcfilharmonie.cz/cs/koncerty/cyklus-koncertu-a/verejna-gz-otvirani-studanek/","5.4.2023                      |                       10:00h","/cs/koncerty/cyklus-koncertu-a/verejna-gz-otvirani-studanek/","","10:00","05.04.2023",NA,NA,""
"151",7,"Jihočeská filharmonie","https://www.jcfilharmonie.cz","OTVÍRÁNÍ STUDÁNEK","https://www.jcfilharmonie.cz/cs/koncerty/cyklus-koncertu-a/otvirani-studanek/","5.4.2023                      |                       19:00h","/cs/koncerty/cyklus-koncertu-a/otvirani-studanek/","","19:00","05.04.2023",NA,NA,""
"152",7,"Jihočeská filharmonie","https://www.jcfilharmonie.cz","Veřejná GZ Otvírání studánek","https://www.jcfilharmonie.cz/cs/koncerty/cyklus-koncertu-a/verejna-gz-otvirani-studanek/","5.4.2023                      |                       10:00h","/cs/koncerty/cyklus-koncertu-a/verejna-gz-otvirani-studanek/","","10:00","05.04.2023",NA,NA,""
"153",7,"Jihočeská filharmonie","https://www.jcfilharmonie.cz","OTVÍRÁNÍ STUDÁNEK","https://www.jcfilharmonie.cz/cs/koncerty/cyklus-koncertu-a/otvirani-studanek-6/","6.4.2023                      |                       19:00h","/cs/koncerty/cyklus-koncertu-a/otvirani-studanek-6/","","19:00","06.04.2023",NA,NA,""
"154",7,"Jihočeská filharmonie","https://www.jcfilharmonie.cz","OTVÍRÁNÍ STUDÁNEK","https://www.jcfilharmonie.cz/cs/koncerty/cyklus-koncertu-a/otvirani-studanek-6/","6.4.2023                      |                       19:00h","/cs/koncerty/cyklus-koncertu-a/otvirani-studanek-6/","","19:00","06.04.2023",NA,NA,""
"155",1,"Prague Philharmonia","https://pkf.cz","A7 Brahms. Mendelssohn","https://pkf.cz/29a7","11. 4.   2023, 19:30","/29a7","Dvořákova síň Rudolfina","19:30","11.04.2023",NA,NA,""
"156",1,"Prague Philharmonia","https://pkf.cz","K8 Rota. Cílková. Fauré","https://pkf.cz/29k8","17. 4.   2023, 19:30","/29k8","Barokní refektář Profesního domu MFF UK","19:30","17.04.2023",NA,NA,""
"157",7,"Jihočeská filharmonie","https://www.jcfilharmonie.cz","NAŠE SÓLA","https://www.jcfilharmonie.cz/cs/koncerty/cyklus-koncertu-a/nase-sola-19/","19.4.2023                      |                       19:00h","/cs/koncerty/cyklus-koncertu-a/nase-sola-19/","","19:00","19.04.2023",NA,NA,""
"158",5,"Filharmonie Hradec Králové","https://www.fhk.cz","M4 – Děkuji, bylo to krásné","https://www.fhk.cz/calendar/1035/M4_Dekuji_bylo_to_krasne/back/123/Koncerty_chronologicky/","Microsoft.OleDb.Date","/calendar/1035/M4_Dekuji_bylo_to_krasne/back/123/Koncerty_chronologicky/","Sál Filharmonie Hradec Králové
 ","","19.04.2023",NA,NA,""
"159",7,"Jihočeská filharmonie","https://www.jcfilharmonie.cz","Otevřená GZ Naše sóla","https://www.jcfilharmonie.cz/cs/koncerty/cyklus-koncertu-a/otevrena-gz-nase-sola/","19.4.2023                      |                       10:00h","/cs/koncerty/cyklus-koncertu-a/otevrena-gz-nase-sola/","","10:00","19.04.2023",NA,NA,""
"160",7,"Jihočeská filharmonie","https://www.jcfilharmonie.cz","NAŠE SÓLA","https://www.jcfilharmonie.cz/cs/koncerty/cyklus-koncertu-a/nase-sola-19/","19.4.2023                      |                       19:00h","/cs/koncerty/cyklus-koncertu-a/nase-sola-19/","","19:00","19.04.2023",NA,NA,""
"161",7,"Jihočeská filharmonie","https://www.jcfilharmonie.cz","Otevřená GZ Naše sóla","https://www.jcfilharmonie.cz/cs/koncerty/cyklus-koncertu-a/otevrena-gz-nase-sola/","19.4.2023                      |                       10:00h","/cs/koncerty/cyklus-koncertu-a/otevrena-gz-nase-sola/","","10:00","19.04.2023",NA,NA,""
"162",7,"Jihočeská filharmonie","https://www.jcfilharmonie.cz","NAŠE SÓLA","https://www.jcfilharmonie.cz/cs/koncerty/cyklus-koncertu-a/nase-sola-20/","20.4.2023                      |                       19:00h","/cs/koncerty/cyklus-koncertu-a/nase-sola-20/","","19:00","20.04.2023",NA,NA,""
"163",7,"Jihočeská filharmonie","https://www.jcfilharmonie.cz","NAŠE SÓLA","https://www.jcfilharmonie.cz/cs/koncerty/cyklus-koncertu-a/nase-sola-20/","20.4.2023                      |                       19:00h","/cs/koncerty/cyklus-koncertu-a/nase-sola-20/","","19:00","20.04.2023",NA,NA,""
"164",5,"Filharmonie Hradec Králové","https://www.fhk.cz","O4 – Prašina","https://www.fhk.cz/calendar/1031/O4_Prasina/back/123/Koncerty_chronologicky/","Microsoft.OleDb.Date","/calendar/1031/O4_Prasina/back/123/Koncerty_chronologicky/","Klicperovo divadlo Hradec Králové, Hlavní scéna
 ","","22.04.2023",NA,NA,""
"165",7,"Jihočeská filharmonie","https://www.jcfilharmonie.cz","KATEŘINA KNĚŽÍKOVÁ a DAVID ŠVEC","https://www.jcfilharmonie.cz/cs/koncerty/abonentni-cyklus-s/katerina-knezikova-a-david-svec/","23.4.2023                      |                       19:00h","/cs/koncerty/abonentni-cyklus-s/katerina-knezikova-a-david-svec/","","19:00","23.04.2023",NA,NA,""
"166",5,"Filharmonie Hradec Králové","https://www.fhk.cz","S4 – Vivaldi podle Bacha","https://www.fhk.cz/calendar/1027/S4_Vivaldi_podle_Bacha/back/123/Koncerty_chronologicky/","Microsoft.OleDb.Date","/calendar/1027/S4_Vivaldi_podle_Bacha/back/123/Koncerty_chronologicky/","Sál Filharmonie Hradec Králové
 STŘÍBRNÁ","","23.04.2023",NA,NA,""
"167",7,"Jihočeská filharmonie","https://www.jcfilharmonie.cz","KATEŘINA KNĚŽÍKOVÁ a DAVID ŠVEC","https://www.jcfilharmonie.cz/cs/koncerty/abonentni-cyklus-s/katerina-knezikova-a-david-svec/","23.4.2023                      |                       19:00h","/cs/koncerty/abonentni-cyklus-s/katerina-knezikova-a-david-svec/","","19:00","23.04.2023",NA,NA,""
"168",7,"Jihočeská filharmonie","https://www.jcfilharmonie.cz","HRADIŠŤAN s Jihočeskou filharmonií","https://www.jcfilharmonie.cz/cs/koncerty/cyklus-koncertu-b/hradistan-s-jihoceskou-filharmonii/","27.4.2023                      |                       19:00h","/cs/koncerty/cyklus-koncertu-b/hradistan-s-jihoceskou-filharmonii/","","19:00","27.04.2023",NA,NA,""
"169",7,"Jihočeská filharmonie","https://www.jcfilharmonie.cz","HRADIŠŤAN s Jihočeskou filharmonií","https://www.jcfilharmonie.cz/cs/koncerty/cyklus-koncertu-b/hradistan-s-jihoceskou-filharmonii/","27.4.2023                      |                       19:00h","/cs/koncerty/cyklus-koncertu-b/hradistan-s-jihoceskou-filharmonii/","","19:00","27.04.2023",NA,NA,""
"170",5,"Filharmonie Hradec Králové","https://www.fhk.cz","B7 – Tristan a Isolda","https://www.fhk.cz/calendar/1016/B7_Tristan_a_Isolda/back/123/Koncerty_chronologicky/","Microsoft.OleDb.Date","/calendar/1016/B7_Tristan_a_Isolda/back/123/Koncerty_chronologicky/","Sál Filharmonie Hradec Králové
 ","","27.04.2023",NA,NA,""
"171",1,"Prague Philharmonia","https://pkf.cz","E4 Drzá moderna","https://pkf.cz/29e4","29. 4.   2023, 12:00","/29e4","Dvořákova síň Rudolfina","12:00","29.04.2023",NA,NA,""
"172",1,"Prague Philharmonia","https://pkf.cz","D4 Drzá moderna","https://pkf.cz/29d4","29. 4.   2023, 10:00","/29d4","Dvořákova síň Rudolfina","10:00","29.04.2023",NA,NA,""
"173",1,"Prague Philharmonia","https://pkf.cz","A8 Beethoven. Mozart. Weill","https://pkf.cz/29a8","6. 5.    2023, 19:30","/29a8","Dvořákova síň Rudolfina","19:30","06.05.2023",NA,NA,""
"174",1,"Prague Philharmonia","https://pkf.cz","K9 Bach. Lutoslawski. Beethoven","https://pkf.cz/29k9","8. 5.    2023, 19:30","/29k9","Barokní refektář Profesního domu MFF UK","19:30","08.05.2023",NA,NA,""
"175",7,"Jihočeská filharmonie","https://www.jcfilharmonie.cz","Otevřená GZ Lukáš Vondráček","https://www.jcfilharmonie.cz/cs/koncerty/cyklus-koncertu-a/otevrena-gz-lukas-vondracek/","10.5.2023                      |                       10:00h","/cs/koncerty/cyklus-koncertu-a/otevrena-gz-lukas-vondracek/","","10:00","10.05.2023",NA,NA,""
"176",7,"Jihočeská filharmonie","https://www.jcfilharmonie.cz","LUKÁŠ VONDRÁČEK a Jihočeská filharmonie","https://www.jcfilharmonie.cz/cs/koncerty/cyklus-koncertu-a/lukas-vondracek-a-jihoceska-filharmonie/","10.5.2023                      |                       19:00h","/cs/koncerty/cyklus-koncertu-a/lukas-vondracek-a-jihoceska-filharmonie/","","19:00","10.05.2023",NA,NA,""
"177",7,"Jihočeská filharmonie","https://www.jcfilharmonie.cz","Otevřená GZ Lukáš Vondráček","https://www.jcfilharmonie.cz/cs/koncerty/cyklus-koncertu-a/otevrena-gz-lukas-vondracek/","10.5.2023                      |                       10:00h","/cs/koncerty/cyklus-koncertu-a/otevrena-gz-lukas-vondracek/","","10:00","10.05.2023",NA,NA,""
"178",7,"Jihočeská filharmonie","https://www.jcfilharmonie.cz","LUKÁŠ VONDRÁČEK a Jihočeská filharmonie","https://www.jcfilharmonie.cz/cs/koncerty/cyklus-koncertu-a/lukas-vondracek-a-jihoceska-filharmonie/","10.5.2023                      |                       19:00h","/cs/koncerty/cyklus-koncertu-a/lukas-vondracek-a-jihoceska-filharmonie/","","19:00","10.05.2023",NA,NA,""
"179",7,"Jihočeská filharmonie","https://www.jcfilharmonie.cz","LUKÁŠ VONDRÁČEK a Jihočeská filharmonie","https://www.jcfilharmonie.cz/cs/koncerty/cyklus-koncertu-a/lukas-vondracek-a-jihoceska-filharmonie-11/","11.5.2023                      |                       19:00h","/cs/koncerty/cyklus-koncertu-a/lukas-vondracek-a-jihoceska-filharmonie-11/","","19:00","11.05.2023",NA,NA,""
"180",7,"Jihočeská filharmonie","https://www.jcfilharmonie.cz","LUKÁŠ VONDRÁČEK a Jihočeská filharmonie","https://www.jcfilharmonie.cz/cs/koncerty/cyklus-koncertu-a/lukas-vondracek-a-jihoceska-filharmonie-11/","11.5.2023                      |                       19:00h","/cs/koncerty/cyklus-koncertu-a/lukas-vondracek-a-jihoceska-filharmonie-11/","","19:00","11.05.2023",NA,NA,""
"181",1,"Prague Philharmonia","https://pkf.cz","S5 Francie: Pierre Boulez – Olivier Messiaen","https://pkf.cz/29s5","16. 5.    2023, 19:30","/29s5","Experimentální prostor NoD","19:30","16.05.2023",NA,NA,""
"182",7,"Jihočeská filharmonie","https://www.jcfilharmonie.cz","Tančící baroko","https://www.jcfilharmonie.cz/cs/koncerty/cyklus-koncertu-pro-deti-a-rodice/tancici-baroko/","17.5.2023                      |                       18:00h","/cs/koncerty/cyklus-koncertu-pro-deti-a-rodice/tancici-baroko/","","18:00","17.05.2023",NA,NA,""
"183",7,"Jihočeská filharmonie","https://www.jcfilharmonie.cz","Tančící baroko","https://www.jcfilharmonie.cz/cs/koncerty/cyklus-koncertu-pro-deti-a-rodice/tancici-baroko/","17.5.2023                      |                       18:00h","/cs/koncerty/cyklus-koncertu-pro-deti-a-rodice/tancici-baroko/","","18:00","17.05.2023",NA,NA,""
"184",7,"Jihočeská filharmonie","https://www.jcfilharmonie.cz","ANDREY GUGNIN a Jihočeská filharmonie","https://www.jcfilharmonie.cz/cs/koncerty/cyklus-koncertu-a/andrey-gugnin-a-jihoceska-filharmonie-24/","24.5.2023                      |                       19:00h","/cs/koncerty/cyklus-koncertu-a/andrey-gugnin-a-jihoceska-filharmonie-24/","","19:00","24.05.2023",NA,NA,""
"185",7,"Jihočeská filharmonie","https://www.jcfilharmonie.cz","ANDREY GUGNIN a Jihočeská filharmonie","https://www.jcfilharmonie.cz/cs/koncerty/cyklus-koncertu-a/andrey-gugnin-a-jihoceska-filharmonie-24/","24.5.2023                      |                       19:00h","/cs/koncerty/cyklus-koncertu-a/andrey-gugnin-a-jihoceska-filharmonie-24/","","19:00","24.05.2023",NA,NA,""
"186",7,"Jihočeská filharmonie","https://www.jcfilharmonie.cz","Otevřená GZ Andrey Gugnin","https://www.jcfilharmonie.cz/cs/koncerty/cyklus-koncertu-a/otevrena-gz-andrey-gugnin/","24.5.2023                      |                       10:00h","/cs/koncerty/cyklus-koncertu-a/otevrena-gz-andrey-gugnin/","","10:00","24.05.2023",NA,NA,""
"187",7,"Jihočeská filharmonie","https://www.jcfilharmonie.cz","Otevřená GZ Andrey Gugnin","https://www.jcfilharmonie.cz/cs/koncerty/cyklus-koncertu-a/otevrena-gz-andrey-gugnin/","24.5.2023                      |                       10:00h","/cs/koncerty/cyklus-koncertu-a/otevrena-gz-andrey-gugnin/","","10:00","24.05.2023",NA,NA,""
"188",5,"Filharmonie Hradec Králové","https://www.fhk.cz","B8 – Enšpíglova šibalství","https://www.fhk.cz/calendar/1017/B8_Enspiglova_sibalstvi/back/123/Koncerty_chronologicky/","Microsoft.OleDb.Date","/calendar/1017/B8_Enspiglova_sibalstvi/back/123/Koncerty_chronologicky/","Sál Filharmonie Hradec Králové
 ","","25.05.2023",NA,NA,""
"189",7,"Jihočeská filharmonie","https://www.jcfilharmonie.cz","ANDREY GUGNIN a Jihočeská filharmonie","https://www.jcfilharmonie.cz/cs/koncerty/cyklus-koncertu-a/andrey-gugnin-a-jihoceska-filharmonie-25/","25.5.2023                      |                       19:00h","/cs/koncerty/cyklus-koncertu-a/andrey-gugnin-a-jihoceska-filharmonie-25/","","19:00","25.05.2023",NA,NA,""
"190",7,"Jihočeská filharmonie","https://www.jcfilharmonie.cz","ANDREY GUGNIN a Jihočeská filharmonie","https://www.jcfilharmonie.cz/cs/koncerty/cyklus-koncertu-a/andrey-gugnin-a-jihoceska-filharmonie-25/","25.5.2023                      |                       19:00h","/cs/koncerty/cyklus-koncertu-a/andrey-gugnin-a-jihoceska-filharmonie-25/","","19:00","25.05.2023",NA,NA,""
"191",5,"Filharmonie Hradec Králové","https://www.fhk.cz","Z4 – Malý princ","https://www.fhk.cz/calendar/1039/Z4_Maly_princ/back/123/Koncerty_chronologicky/","Microsoft.OleDb.Date","/calendar/1039/Z4_Maly_princ/back/123/Koncerty_chronologicky/","Sál Filharmonie Hradec Králové
 ZELENÁ","","31.05.2023",NA,NA,""
"192",1,"Prague Philharmonia","https://pkf.cz","K10 Schubert. Mahler. Schumann","https://pkf.cz/29k10","5. 6.   2023, 19:30","/29k10","Barokní refektář Profesního domu MFF UK","19:30","05.06.2023",NA,NA,""
"193",7,"Jihočeská filharmonie","https://www.jcfilharmonie.cz","KŘEST CD s Richardem Gallianem","https://www.jcfilharmonie.cz/cs/koncerty/mimoradne-koncerty-a-akce/krest-cd-s-richardem-gallianem/","8.6.2023                      |                       19:00h","/cs/koncerty/mimoradne-koncerty-a-akce/krest-cd-s-richardem-gallianem/","","19:00","08.06.2023",NA,NA,""
"194",7,"Jihočeská filharmonie","https://www.jcfilharmonie.cz","KŘEST CD s Richardem Gallianem","https://www.jcfilharmonie.cz/cs/koncerty/mimoradne-koncerty-a-akce/krest-cd-s-richardem-gallianem/","8.6.2023                      |                       19:00h","/cs/koncerty/mimoradne-koncerty-a-akce/krest-cd-s-richardem-gallianem/","","19:00","08.06.2023",NA,NA,""
"195",1,"Prague Philharmonia","https://pkf.cz","A9 Brahms. Reinecke","https://pkf.cz/29a9","18. 6.   2023, 19:30","/29a9","Dvořákova síň Rudolfina","19:30","18.06.2023",NA,NA,""
"196",1,"Prague Philharmonia","https://pkf.cz","S6 Rakousko včera a dnes: Arnold Schönberg – Alban Berg – Olga Neuwirth – Johannes Maria Staud","https://pkf.cz/29s6","20. 6.   2023, 19:30","/29s6","Experimentální prostor NoD","19:30","20.06.2023",NA,NA,""
"197",7,"Jihočeská filharmonie","https://www.jcfilharmonie.cz","AXEL BENOIT A PETR VAŠEK s Jihočeskou filharmonií","https://www.jcfilharmonie.cz/cs/koncerty/cyklus-koncertu-a/axel-benoit-a-petr-vasek-s-jihoceskou-filharmonii-21/","21.6.2023                      |                       19:00h","/cs/koncerty/cyklus-koncertu-a/axel-benoit-a-petr-vasek-s-jihoceskou-filharmonii-21/","","19:00","21.06.2023",NA,NA,""
"198",7,"Jihočeská filharmonie","https://www.jcfilharmonie.cz","Otevřená GZ Axel Benoit a Petr Vašek","https://www.jcfilharmonie.cz/cs/koncerty/cyklus-koncertu-a/otevrena-gz-axel-benoit-a-petr-vasek/","21.6.2023                      |                       10:00h","/cs/koncerty/cyklus-koncertu-a/otevrena-gz-axel-benoit-a-petr-vasek/","","10:00","21.06.2023",NA,NA,""
"199",7,"Jihočeská filharmonie","https://www.jcfilharmonie.cz","AXEL BENOIT A PETR VAŠEK s Jihočeskou filharmonií","https://www.jcfilharmonie.cz/cs/koncerty/cyklus-koncertu-a/axel-benoit-a-petr-vasek-s-jihoceskou-filharmonii-21/","21.6.2023                      |                       19:00h","/cs/koncerty/cyklus-koncertu-a/axel-benoit-a-petr-vasek-s-jihoceskou-filharmonii-21/","","19:00","21.06.2023",NA,NA,""
"200",7,"Jihočeská filharmonie","https://www.jcfilharmonie.cz","Otevřená GZ Axel Benoit a Petr Vašek","https://www.jcfilharmonie.cz/cs/koncerty/cyklus-koncertu-a/otevrena-gz-axel-benoit-a-petr-vasek/","21.6.2023                      |                       10:00h","/cs/koncerty/cyklus-koncertu-a/otevrena-gz-axel-benoit-a-petr-vasek/","","10:00","21.06.2023",NA,NA,""
"201",7,"Jihočeská filharmonie","https://www.jcfilharmonie.cz","AXEL BENOIT A PETR VAŠEK s Jihočeskou filharmonií","https://www.jcfilharmonie.cz/cs/koncerty/cyklus-koncertu-a/axel-benoit-a-petr-vasek-s-jihoceskou-filharmonii-22/","22.6.2023                      |                       19:00h","/cs/koncerty/cyklus-koncertu-a/axel-benoit-a-petr-vasek-s-jihoceskou-filharmonii-22/","","19:00","22.06.2023",NA,NA,""
"202",7,"Jihočeská filharmonie","https://www.jcfilharmonie.cz","AXEL BENOIT A PETR VAŠEK s Jihočeskou filharmonií","https://www.jcfilharmonie.cz/cs/koncerty/cyklus-koncertu-a/axel-benoit-a-petr-vasek-s-jihoceskou-filharmonii-22/","22.6.2023                      |                       19:00h","/cs/koncerty/cyklus-koncertu-a/axel-benoit-a-petr-vasek-s-jihoceskou-filharmonii-22/","","19:00","22.06.2023",NA,NA,""
"203",1,"Prague Philharmonia","https://pkf.cz","Mimořádný benefiční koncert — Labyrint světa a ráj srdce (světová premiéra)","https://pkf.cz/labyrint-sveta","28. 6.   2023, 19:00","/labyrint-sveta","Dvořákova síň Rudolfina","19:00","28.06.2023",NA,NA,""
